{
    "bestreward": 1208.47412109375,
    "bestprofit": 1.581600673899273,
    "bestreward_date": "2021-09-01 18:09:41",
    "total_episodes": 5000000
}