{
    "bestreward": 1252.784912109375,
    "bestprofit": 1.2599788804891676,
    "bestreward_date": "2021-08-19 21:53:11",
    "total_episodes": 2000000
}